{"donors": {"std": 2.3289956850167082, "mean": 7.9380909090909073}, "acceptors": {"std": 2.4336623152078452, "mean": 7.984909090909091}}
